<?xml version="1.0" encoding="utf-8"?>
<item>
  <name>K1-100-Bairagi</name>
  <itemcost>free</itemcost>
  <itemtype>ichant</itemtype>
  <freebeadscount>2</freebeadscount>
  <itemplist>timearray</itemplist>
  <timefactor>100</timefactor>
  <itembgimage>bg</itembgimage>
  <itembgimagetype>png</itembgimagetype>
  <itemaudio>k1_100_bairagi_sn</itemaudio>
  <itemaudiotype>mp3</itemaudiotype>
  <itembgimageipod>BGiPod</itembgimageipod>
  <itembgimagetypeipod>png</itembgimagetypeipod>
  
  <display>
    <displaylanguagename>english</displaylanguagename>
    <text>Kali1-100 Beats per minute-Bairagi</text>
  </display>
  
</item>