<?xml version="1.0" encoding="utf-8"?>
<item>
  <name>K4-240-Chandrakauns</name>
  <itemcost>free</itemcost>
  <itemtype>ichant</itemtype>
  <freebeadscount>2</freebeadscount>
  <itemplist>timearray</itemplist>
  <timefactor>100</timefactor>
  <itembgimage>bg</itembgimage>
  <itembgimagetype>png</itembgimagetype>
  <itemaudio>k4_240_chandrakauns_sn</itemaudio>
  <itemaudiotype>mp3</itemaudiotype>
  <itembgimageipod>BGiPod</itembgimageipod>
  <itembgimagetypeipod>png</itembgimagetypeipod>
  
  <display>
    <displaylanguagename>english</displaylanguagename>
    <text>Kali4-240 Beats per minute-Chandrakauns</text>
  </display>
  
</item>